Model,SB1,SB2
SVM title,0.6009060064820708,0.27999433263170115
SVM text,0.5636890169506708,0.26037020030960867
